Service Page,Page Name,Client Name,Industry / Tag,Component Used
wordpress-development,WordPress Development,Krisha Hospital,Healthcare,ClientLogoSection
wordpress-development,WordPress Development,Parasher Academy,Education,ClientLogoSection
wordpress-development,WordPress Development,Aagman Hospital,Healthcare,ClientLogoSection
wordpress-development,WordPress Development,Grand Bavarchi,Restaurant,ClientLogoSection
woocommerce-development,WooCommerce Development,Karm Digital,Digital Agency,ClientLogoSection
woocommerce-development,WooCommerce Development,Active Office Furniture,Office Furniture,ClientLogoSection
woocommerce-development,WooCommerce Development,Dreamfoot,Sports & Footwear,ClientLogoSection
woocommerce-development,WooCommerce Development,Bhayani Group,Real Estate,ClientLogoSection
web-app-development,Web App Development,Gleekey,EdTech,ClientLogoSection
web-app-development,Web App Development,Monita,Consulting,ClientLogoSection
web-app-development,Web App Development,Shree Sahajanand,Religious & Food,ClientLogoSection
web-app-development,Web App Development,Gift Care,Healthcare,ClientLogoSection
web-app-development,Web App Development,Game Zone Events,Events,ClientLogoSection
shopify-development,Shopify Development,Therabody,Wellness & Recovery,ClientLogoGrid
shopify-development,Shopify Development,Backtrack,Automotive Tech,ClientLogoGrid
shopify-development,Shopify Development,GM Leather,Fashion & Accessories,ClientLogoGrid
shopify-development,Shopify Development,The Nutra Source,Health & Nutrition,ClientLogoGrid
full-stack-development,Full Stack Development,Geotexelin,Industrial,ClientLogoGrid
full-stack-development,Full Stack Development,MYP Services,Professional Services,ClientLogoGrid
full-stack-development,Full Stack Development,AgriWorld Expo,Agriculture,ClientLogoGrid
full-stack-development,Full Stack Development,Aroma Immigration,Immigration Services,ClientLogoGrid
full-stack-development,Full Stack Development,Clarity Eye Surgeons,Healthcare,ClientLogoGrid
full-stack-development,Full Stack Development,Silverstone Financial,Financial Services,ClientLogoGrid
full-stack-development,Full Stack Development,Infinity Manpower,Staffing & HR,ClientLogoGrid
full-stack-development,Full Stack Development,Sure Freeze,HVAC & Refrigeration,ClientLogoGrid
full-stack-development,Full Stack Development,IntegsCloud,Cloud Solutions,ClientLogoGrid
full-stack-development,Full Stack Development,Grand Bavarchi,Restaurant & Events,ClientLogoGrid
full-stack-development,Full Stack Development,Polyform Group,Manufacturing,ClientLogoGrid
full-stack-development,Full Stack Development,Bin Drop Dumpsters,Waste Management,ClientLogoGrid
full-stack-development,Full Stack Development,Bhayani Group,Business Group,ClientLogoGrid
full-stack-development,Full Stack Development,Parasher Academy,Education,ClientLogoGrid
full-stack-development,Full Stack Development,Attention Hero,Marketing,ClientLogoGrid
full-stack-development,Full Stack Development,There You Grow,Content & Growth,ClientLogoGrid
full-stack-development,Full Stack Development,Karm Digital,Digital Agency,ClientLogoGrid
full-stack-development,Full Stack Development,Active Office Furniture,Office Furniture,ClientLogoGrid
full-stack-development,Full Stack Development,Inn of the Dove,Hospitality,ClientLogoGrid
full-stack-development,Full Stack Development,Dr Ronak Patel,Healthcare,ClientLogoGrid
full-stack-development,Full Stack Development,Dreamfoot,Sports & Footwear,ClientLogoGrid
full-stack-development,Full Stack Development,AMVI Hospitals,Healthcare,ClientLogoGrid
full-stack-development,Full Stack Development,Krisha Hospital,Healthcare,ClientLogoGrid
full-stack-development,Full Stack Development,Krisha Eye Hospital,Eye Care,ClientLogoGrid
full-stack-development,Full Stack Development,Aagman Hospital,Healthcare,ClientLogoGrid
full-stack-development,Full Stack Development,Shukan Hospital,Healthcare,ClientLogoGrid
full-stack-development,Full Stack Development,Gleekey,EdTech,ClientLogoGrid
full-stack-development,Full Stack Development,Monita,Consulting,ClientLogoGrid
full-stack-development,Full Stack Development,Game Zone Events,Events,ClientLogoGrid
full-stack-development,Full Stack Development,Track My Ads,AdTech,ClientLogoGrid
seo-content-marketing,SEO & Content Marketing,Dr Parth Shah,Healthcare,Inline Section
seo-content-marketing,SEO & Content Marketing,A One Auto Care,Automotive,Inline Section
seo-content-marketing,SEO & Content Marketing,DFA Law,Legal Services,Inline Section
seo-content-marketing,SEO & Content Marketing,Ordorite,Retail Software,Inline Section
seo-content-marketing,SEO & Content Marketing,Levapor,Industrial,Inline Section
seo-content-marketing,SEO & Content Marketing,The Grand Palace,Hospitality,Inline Section
seo-content-marketing,SEO & Content Marketing,DP Electric,Electrical Services,Inline Section
seo-content-marketing,SEO & Content Marketing,Spinx Digital,Digital Agency,Inline Section
seo-content-marketing,SEO & Content Marketing,Clarity Eye Surgeons,Healthcare,Inline Section
seo-content-marketing,SEO & Content Marketing,Prism Calibration,Calibration Services,Inline Section
seo-content-marketing,SEO & Content Marketing,Sure Freeze,HVAC & Refrigeration,Inline Section
seo-content-marketing,SEO & Content Marketing,Grand Bavarchi,Restaurant & Events,Inline Section
seo-content-marketing,SEO & Content Marketing,Bin Drop Dumpsters,Waste Management,Inline Section
seo-content-marketing,SEO & Content Marketing,Worktop Warehouse,Home & Interiors,Inline Section
seo-content-marketing,SEO & Content Marketing,Active Office Furniture,Office Furniture,Inline Section
seo-content-marketing,SEO & Content Marketing,Inn of the Dove,Hospitality,Inline Section
seo-content-marketing,SEO & Content Marketing,Game Zone Events,Events & Entertainment,Inline Section
seo-content-marketing,SEO & Content Marketing,Dr Ronak Patel,Healthcare,Inline Section
seo-content-marketing,SEO & Content Marketing,AMVI Hospitals,Healthcare,Inline Section
seo-content-marketing,SEO & Content Marketing,Krisha Hospital,Healthcare,Inline Section
seo-content-marketing,SEO & Content Marketing,Krisha Eye Hospital,Eye Care,Inline Section
seo-content-marketing,SEO & Content Marketing,Shukan Hospital,Healthcare,Inline Section
google-ads,Google Ads,The Grand Palace,Hospitality,Inline Section
google-ads,Google Ads,DFA Law,Legal Services,Inline Section
google-ads,Google Ads,DP Electric,Electrical Services,Inline Section
google-ads,Google Ads,Spinx Digital,Digital Agency,Inline Section
google-ads,Google Ads,MYP Services,Professional Services,Inline Section
google-ads,Google Ads,Launch Module,Software,Inline Section
google-ads,Google Ads,SK Travels,Travel & Tourism,Inline Section
google-ads,Google Ads,Mainstream Real Estate,Real Estate,Inline Section
google-ads,Google Ads,Sure Freeze,HVAC & Refrigeration,Inline Section
google-ads,Google Ads,IntegsCloud,Cloud Solutions,Inline Section
google-ads,Google Ads,Grand Bavarchi,Restaurant & Events,Inline Section
google-ads,Google Ads,Inn of the Dove,Hospitality,Inline Section
google-ads,Google Ads,Game Zone Events,Events & Entertainment,Inline Section
google-ads,Google Ads,OBL Print,Printing Services,Inline Section
google-ads,Google Ads,AMVI Hospitals,Healthcare,Inline Section
google-ads,Google Ads,Krisha Hospital,Healthcare,Inline Section
google-ads,Google Ads,Krisha Eye Hospital,Eye Care,Inline Section
google-ads,Google Ads,Shukan Hospital,Healthcare,Inline Section
meta-ads,Meta Ads,DP Electric,Electrical Services,Inline Section
meta-ads,Meta Ads,The Grand Palace,Hospitality,Inline Section
meta-ads,Meta Ads,Mainstream Real Estate,Real Estate,Inline Section
meta-ads,Meta Ads,Silverstone Financial,Financial Services,Inline Section
meta-ads,Meta Ads,Grand Bavarchi,Restaurant & Events,Inline Section
meta-ads,Meta Ads,Jump Swim Schools,Education & Sports,Inline Section
meta-ads,Meta Ads,Parasher Academy,Education,Inline Section
meta-ads,Meta Ads,Upmatrix,Tech & Software,Inline Section
meta-ads,Meta Ads,Inn of the Dove,Hospitality,Inline Section
meta-ads,Meta Ads,Game Zone Events,Events & Entertainment,Inline Section
meta-ads,Meta Ads,Kredenza Studios,Creative Agency,Inline Section
meta-ads,Meta Ads,Dr Ronak Patel,Healthcare,Inline Section
meta-ads,Meta Ads,Atul Bakery,Food & Bakery,Inline Section
meta-ads,Meta Ads,AMVI Hospitals,Healthcare,Inline Section
meta-ads,Meta Ads,Krisha Hospital,Healthcare,Inline Section
meta-ads,Meta Ads,Krisha Eye Hospital,Eye Care,Inline Section
meta-ads,Meta Ads,Shukan Hospital,Healthcare,Inline Section
ai-web-apps,AI Powered Web Apps,Track My Ads,AdTech,ClientLogoGrid
ai-web-apps,AI Powered Web Apps,Silverstone Financial,Financial Services,ClientLogoGrid
ai-web-apps,AI Powered Web Apps,Gleekey,Tech & SaaS,ClientLogoGrid
mobile-app-development,Mobile App Development (Main),Track My Ads,AdTech,ClientLogoSection
mobile-app-development,Mobile App Development (Main),Gleekey,EdTech,ClientLogoSection
mobile-app-development,Android Development,Track My Ads,AdTech,ClientLogoSection
mobile-app-development,Android Development,Gleekey,EdTech,ClientLogoSection
mobile-app-development,Flutter Apps,Track My Ads,AdTech,ClientLogoSection
mobile-app-development,Flutter Apps,Gleekey,EdTech,ClientLogoSection
mobile-app-development,React Native Apps,Track My Ads,AdTech,ClientLogoSection
mobile-app-development,React Native Apps,Gleekey,EdTech,ClientLogoSection
ai-chatbot-assistant,AI Chatbot Assistant,Digital Aura,Digital Marketing,ClientLogoSection
ai-chatbot-assistant,AI Chatbot Assistant,Game Zone Events,Events,ClientLogoSection
ai-chatbot-assistant,AI Chatbot Assistant,Krisha Eye Hospital,Eye Care,ClientLogoSection
ai-chatbot-assistant,AI Chatbot Assistant,Parasher Academy,Education,ClientLogoSection
ai-chatbot-assistant,AI Chatbot Assistant,Gleekey,EdTech,ClientLogoSection
ai-chatbot-assistant,AI Chatbot Assistant,Dr Parth Shah,Healthcare,ClientLogoSection
ai-automation,AI Automation,Track My Ads,AdTech,ClientLogoSection
ai-automation,AI Automation,Silverstone Financial,Financial Services,ClientLogoSection
ai-automation,AI Automation,Gleekey,EdTech,ClientLogoSection
ai-automation,AI Automation,Digital Aura,Digital Marketing,ClientLogoSection
